Z,Atom,A,B,Value,Uncertainty,Method,Year,Citation,Links,Notes
56,Ba+,5D3/2,,8.30E+10,1.00E+09,CCSD,2021,"M. Kaur, D. F. Dar, B.K. Sahoo, B. Arora, At. Data Nucl. Data Tables 137 (2021) 101381",https://doi.org/10.1016/j.adt.2020.101381,
56,Ba+,5D5/2,,3.08E+10,6.50E+08,CCSD,2021,"M. Kaur, D. F. Dar, B.K. Sahoo, B. Arora, At. Data Nucl. Data Tables 137 (2021) 101381",https://doi.org/10.1016/j.adt.2020.101381,
56,Ba+,6D3/2,,4.18,0.06,CCSD,2021,"M. Kaur, D. F. Dar, B.K. Sahoo, B. Arora, At. Data Nucl. Data Tables 137 (2021) 101381",https://doi.org/10.1016/j.adt.2020.101381,
56,Ba+,6D5/2,,4.43,0.07,CCSD,2021,"M. Kaur, D. F. Dar, B.K. Sahoo, B. Arora, At. Data Nucl. Data Tables 137 (2021) 101381",https://doi.org/10.1016/j.adt.2020.101381,
56,Ba+,6P1/2,,7.76,0.11,CCSD,2021,"M. Kaur, D. F. Dar, B.K. Sahoo, B. Arora, At. Data Nucl. Data Tables 137 (2021) 101381",https://doi.org/10.1016/j.adt.2020.101381,
56,Ba+,6P3/2,,6.22,0.09,CCSD,2021,"M. Kaur, D. F. Dar, B.K. Sahoo, B. Arora, At. Data Nucl. Data Tables 137 (2021) 101381",https://doi.org/10.1016/j.adt.2020.101381,
56,Ba+,7P1/2,,36,0.53,CCSD,2021,"M. Kaur, D. F. Dar, B.K. Sahoo, B. Arora, At. Data Nucl. Data Tables 137 (2021) 101381",https://doi.org/10.1016/j.adt.2020.101381,
56,Ba+,7P3/2,,27.33,0.32,CCSD,2021,"M. Kaur, D. F. Dar, B.K. Sahoo, B. Arora, At. Data Nucl. Data Tables 137 (2021) 101381",https://doi.org/10.1016/j.adt.2020.101381,
56,Ba+,7S1/2,,5.12,0.04,CCSD,2021,"M. Kaur, D. F. Dar, B.K. Sahoo, B. Arora, At. Data Nucl. Data Tables 137 (2021) 101381",https://doi.org/10.1016/j.adt.2020.101381,
56,Ba+,8P1/2,,91,2,CCSD,2021,"M. Kaur, D. F. Dar, B.K. Sahoo, B. Arora, At. Data Nucl. Data Tables 137 (2021) 101381",https://doi.org/10.1016/j.adt.2020.101381,
56,Ba+,8P3/2,,73.13,0.95,CCSD,2021,"M. Kaur, D. F. Dar, B.K. Sahoo, B. Arora, At. Data Nucl. Data Tables 137 (2021) 101381",https://doi.org/10.1016/j.adt.2020.101381,
56,Ba+,8S1/2,,8.19,0.03,CCSD,2021,"M. Kaur, D. F. Dar, B.K. Sahoo, B. Arora, At. Data Nucl. Data Tables 137 (2021) 101381",https://doi.org/10.1016/j.adt.2020.101381,
40,Ca+,3D3/2,,1.24E+09,1.00E+07,CCSD,2021,"M. Kaur, D. F. Dar, B.K. Sahoo, B. Arora, At. Data Nucl. Data Tables 137 (2021) 101381",https://doi.org/10.1016/j.adt.2020.101381,
40,Ca+,3D5/2,,1.21E+09,1.00E+07,CCSD,2021,"M. Kaur, D. F. Dar, B.K. Sahoo, B. Arora, At. Data Nucl. Data Tables 137 (2021) 101381",https://doi.org/10.1016/j.adt.2020.101381,
40,Ca+,4P1/2,,6.87,0.06,CCSD,2021,"M. Kaur, D. F. Dar, B.K. Sahoo, B. Arora, At. Data Nucl. Data Tables 137 (2021) 101381",https://doi.org/10.1016/j.adt.2020.101381,
40,Ca+,4P3/2,,6.69,0.06,CCSD,2021,"M. Kaur, D. F. Dar, B.K. Sahoo, B. Arora, At. Data Nucl. Data Tables 137 (2021) 101381",https://doi.org/10.1016/j.adt.2020.101381,
40,Ca+,5S1/2,,3.91,0.02,CCSD,2021,"M. Kaur, D. F. Dar, B.K. Sahoo, B. Arora, At. Data Nucl. Data Tables 137 (2021) 101381",https://doi.org/10.1016/j.adt.2020.101381,
40,Ca+,4D3/2,,2.83,0.03,CCSD,2021,"M. Kaur, D. F. Dar, B.K. Sahoo, B. Arora, At. Data Nucl. Data Tables 137 (2021) 101381",https://doi.org/10.1016/j.adt.2020.101381,
40,Ca+,4D5/2,,2.85,0.03,CCSD,2021,"M. Kaur, D. F. Dar, B.K. Sahoo, B. Arora, At. Data Nucl. Data Tables 137 (2021) 101381",https://doi.org/10.1016/j.adt.2020.101381,
40,Ca+,5P1/2,,35.36,0.56,CCSD,2021,"M. Kaur, D. F. Dar, B.K. Sahoo, B. Arora, At. Data Nucl. Data Tables 137 (2021) 101381",https://doi.org/10.1016/j.adt.2020.101381,
40,Ca+,5P3/2,,34.74,0.5,CCSD,2021,"M. Kaur, D. F. Dar, B.K. Sahoo, B. Arora, At. Data Nucl. Data Tables 137 (2021) 101381",https://doi.org/10.1016/j.adt.2020.101381,
40,Ca+,4F5/2,,3.55,0.05,CCSD,2021,"M. Kaur, D. F. Dar, B.K. Sahoo, B. Arora, At. Data Nucl. Data Tables 137 (2021) 101381",https://doi.org/10.1016/j.adt.2020.101381,
40,Ca+,4F7/2,,3.54,0.06,CCSD,2021,"M. Kaur, D. F. Dar, B.K. Sahoo, B. Arora, At. Data Nucl. Data Tables 137 (2021) 101381",https://doi.org/10.1016/j.adt.2020.101381,
40,Ca+,6S1/2,,6.392,0.002,CCSD,2021,"M. Kaur, D. F. Dar, B.K. Sahoo, B. Arora, At. Data Nucl. Data Tables 137 (2021) 101381",https://doi.org/10.1016/j.adt.2020.101381,
40,Ca+,5D3/2,,6.16,0.06,CCSD,2021,"M. Kaur, D. F. Dar, B.K. Sahoo, B. Arora, At. Data Nucl. Data Tables 137 (2021) 101381",https://doi.org/10.1016/j.adt.2020.101381,
40,Ca+,5D5/2,,6.21,0.07,CCSD,2021,"M. Kaur, D. F. Dar, B.K. Sahoo, B. Arora, At. Data Nucl. Data Tables 137 (2021) 101381",https://doi.org/10.1016/j.adt.2020.101381,
40,Ca+,6P1/2,,89,2,CCSD,2021,"M. Kaur, D. F. Dar, B.K. Sahoo, B. Arora, At. Data Nucl. Data Tables 137 (2021) 101381",https://doi.org/10.1016/j.adt.2020.101381,
40,Ca+,6P3/2,,90,2,CCSD,2021,"M. Kaur, D. F. Dar, B.K. Sahoo, B. Arora, At. Data Nucl. Data Tables 137 (2021) 101381",https://doi.org/10.1016/j.adt.2020.101381,
40,Ca+,5F5/2,,6.35,0.06,CCSD,2021,"M. Kaur, D. F. Dar, B.K. Sahoo, B. Arora, At. Data Nucl. Data Tables 137 (2021) 101381",https://doi.org/10.1016/j.adt.2020.101381,
40,Ca+,5F7/2,,6.34,0.07,CCSD,2021,"M. Kaur, D. F. Dar, B.K. Sahoo, B. Arora, At. Data Nucl. Data Tables 137 (2021) 101381",https://doi.org/10.1016/j.adt.2020.101381,
40,Ca+,7S1/2,,10.64,0.02,CCSD,2021,"M. Kaur, D. F. Dar, B.K. Sahoo, B. Arora, At. Data Nucl. Data Tables 137 (2021) 101381",https://doi.org/10.1016/j.adt.2020.101381,
40,Ca+,6D3/2,,11.65,0.14,CCSD,2021,"M. Kaur, D. F. Dar, B.K. Sahoo, B. Arora, At. Data Nucl. Data Tables 137 (2021) 101381",https://doi.org/10.1016/j.adt.2020.101381,
40,Ca+,6D5/2,,11.77,0.16,CCSD,2021,"M. Kaur, D. F. Dar, B.K. Sahoo, B. Arora, At. Data Nucl. Data Tables 137 (2021) 101381",https://doi.org/10.1016/j.adt.2020.101381,
12,Mg+,3P1/2,,3.875,0.002,CCSD,2021,"M. Kaur, D. F. Dar, B.K. Sahoo, B. Arora, At. Data Nucl. Data Tables 137 (2021) 101381",https://doi.org/10.1016/j.adt.2020.101381,
12,Mg+,3P3/2,,3.84,0.14,CCSD,2021,"M. Kaur, D. F. Dar, B.K. Sahoo, B. Arora, At. Data Nucl. Data Tables 137 (2021) 101381",https://doi.org/10.1016/j.adt.2020.101381,
12,Mg+,4S1/2,,2.88,0.08,CCSD,2021,"M. Kaur, D. F. Dar, B.K. Sahoo, B. Arora, At. Data Nucl. Data Tables 137 (2021) 101381",https://doi.org/10.1016/j.adt.2020.101381,
12,Mg+,3D3/2,,2.071,0.004,CCSD,2021,"M. Kaur, D. F. Dar, B.K. Sahoo, B. Arora, At. Data Nucl. Data Tables 137 (2021) 101381",https://doi.org/10.1016/j.adt.2020.101381,
12,Mg+,3D5/2,,2.08,0.03,CCSD,2021,"M. Kaur, D. F. Dar, B.K. Sahoo, B. Arora, At. Data Nucl. Data Tables 137 (2021) 101381",https://doi.org/10.1016/j.adt.2020.101381,
12,Mg+,4P1/2,,18.49,0.04,CCSD,2021,"M. Kaur, D. F. Dar, B.K. Sahoo, B. Arora, At. Data Nucl. Data Tables 137 (2021) 101381",https://doi.org/10.1016/j.adt.2020.101381,
12,Mg+,4P3/2,,18.41,0.03,CCSD,2021,"M. Kaur, D. F. Dar, B.K. Sahoo, B. Arora, At. Data Nucl. Data Tables 137 (2021) 101381",https://doi.org/10.1016/j.adt.2020.101381,
12,Mg+,5S1/2,,5.02,0.02,CCSD,2021,"M. Kaur, D. F. Dar, B.K. Sahoo, B. Arora, At. Data Nucl. Data Tables 137 (2021) 101381",https://doi.org/10.1016/j.adt.2020.101381,
12,Mg+,4D3/2,,7.8,0.02,CCSD,2021,"M. Kaur, D. F. Dar, B.K. Sahoo, B. Arora, At. Data Nucl. Data Tables 137 (2021) 101381",https://doi.org/10.1016/j.adt.2020.101381,
12,Mg+,4D5/2,,7.857,0.006,CCSD,2021,"M. Kaur, D. F. Dar, B.K. Sahoo, B. Arora, At. Data Nucl. Data Tables 137 (2021) 101381",https://doi.org/10.1016/j.adt.2020.101381,
12,Mg+,4F5/2,,4.363,0.001,CCSD,2021,"M. Kaur, D. F. Dar, B.K. Sahoo, B. Arora, At. Data Nucl. Data Tables 137 (2021) 101381",https://doi.org/10.1016/j.adt.2020.101381,
12,Mg+,4F7/2,,4.364,0.002,CCSD,2021,"M. Kaur, D. F. Dar, B.K. Sahoo, B. Arora, At. Data Nucl. Data Tables 137 (2021) 101381",https://doi.org/10.1016/j.adt.2020.101381,
12,Mg+,5P1/2,,43.7,0.46,CCSD,2021,"M. Kaur, D. F. Dar, B.K. Sahoo, B. Arora, At. Data Nucl. Data Tables 137 (2021) 101381",https://doi.org/10.1016/j.adt.2020.101381,
12,Mg+,5P3/2,,43.71,0.47,CCSD,2021,"M. Kaur, D. F. Dar, B.K. Sahoo, B. Arora, At. Data Nucl. Data Tables 137 (2021) 101381",https://doi.org/10.1016/j.adt.2020.101381,
12,Mg+,6S1/2,,8.72,0.17,CCSD,2021,"M. Kaur, D. F. Dar, B.K. Sahoo, B. Arora, At. Data Nucl. Data Tables 137 (2021) 101381",https://doi.org/10.1016/j.adt.2020.101381,
12,Mg+,5D3/2,,19.69,0.07,CCSD,2021,"M. Kaur, D. F. Dar, B.K. Sahoo, B. Arora, At. Data Nucl. Data Tables 137 (2021) 101381",https://doi.org/10.1016/j.adt.2020.101381,
12,Mg+,5D5/2,,20,1,CCSD,2021,"M. Kaur, D. F. Dar, B.K. Sahoo, B. Arora, At. Data Nucl. Data Tables 137 (2021) 101381",https://doi.org/10.1016/j.adt.2020.101381,
12,Mg+,5F5/2,,8.29,0.17,CCSD,2021,"M. Kaur, D. F. Dar, B.K. Sahoo, B. Arora, At. Data Nucl. Data Tables 137 (2021) 101381",https://doi.org/10.1016/j.adt.2020.101381,
12,Mg+,5F7/2,,8.293,0.004,CCSD,2021,"M. Kaur, D. F. Dar, B.K. Sahoo, B. Arora, At. Data Nucl. Data Tables 137 (2021) 101381",https://doi.org/10.1016/j.adt.2020.101381,
38,Sr+,4D3/2,,4.51E+08,3.00E+06,CCSD,2021,"M. Kaur, D. F. Dar, B.K. Sahoo, B. Arora, At. Data Nucl. Data Tables 137 (2021) 101381",https://doi.org/10.1016/j.adt.2020.101381,
38,Sr+,4D5/2,,4.03E+08,3.00E+06,CCSD,2021,"M. Kaur, D. F. Dar, B.K. Sahoo, B. Arora, At. Data Nucl. Data Tables 137 (2021) 101381",https://doi.org/10.1016/j.adt.2020.101381,
38,Sr+,4F5/2,,3,0.07,CCSD,2021,"M. Kaur, D. F. Dar, B.K. Sahoo, B. Arora, At. Data Nucl. Data Tables 137 (2021) 101381",https://doi.org/10.1016/j.adt.2020.101381,
38,Sr+,4F7/2,,2.99,0.06,CCSD,2021,"M. Kaur, D. F. Dar, B.K. Sahoo, B. Arora, At. Data Nucl. Data Tables 137 (2021) 101381",https://doi.org/10.1016/j.adt.2020.101381,
38,Sr+,5D3/2,,3.51,0.03,CCSD,2021,"M. Kaur, D. F. Dar, B.K. Sahoo, B. Arora, At. Data Nucl. Data Tables 137 (2021) 101381",https://doi.org/10.1016/j.adt.2020.101381,
38,Sr+,5D5/2,,3.58,0.04,CCSD,2021,"M. Kaur, D. F. Dar, B.K. Sahoo, B. Arora, At. Data Nucl. Data Tables 137 (2021) 101381",https://doi.org/10.1016/j.adt.2020.101381,
38,Sr+,5F5/2,,5.15,0.06,CCSD,2021,"M. Kaur, D. F. Dar, B.K. Sahoo, B. Arora, At. Data Nucl. Data Tables 137 (2021) 101381",https://doi.org/10.1016/j.adt.2020.101381,
38,Sr+,5F7/2,,5.13,0.06,CCSD,2021,"M. Kaur, D. F. Dar, B.K. Sahoo, B. Arora, At. Data Nucl. Data Tables 137 (2021) 101381",https://doi.org/10.1016/j.adt.2020.101381,
38,Sr+,5P1/2,,7.38,0.08,CCSD,2021,"M. Kaur, D. F. Dar, B.K. Sahoo, B. Arora, At. Data Nucl. Data Tables 137 (2021) 101381",https://doi.org/10.1016/j.adt.2020.101381,
38,Sr+,5P3/2,,6.65,0.07,CCSD,2021,"M. Kaur, D. F. Dar, B.K. Sahoo, B. Arora, At. Data Nucl. Data Tables 137 (2021) 101381",https://doi.org/10.1016/j.adt.2020.101381,
38,Sr+,6D3/2,,6.63,0.03,CCSD,2021,"M. Kaur, D. F. Dar, B.K. Sahoo, B. Arora, At. Data Nucl. Data Tables 137 (2021) 101381",https://doi.org/10.1016/j.adt.2020.101381,
38,Sr+,6D5/2,,6.79,0.04,CCSD,2021,"M. Kaur, D. F. Dar, B.K. Sahoo, B. Arora, At. Data Nucl. Data Tables 137 (2021) 101381",https://doi.org/10.1016/j.adt.2020.101381,
38,Sr+,6P1/2,,41.54,0.26,CCSD,2021,"M. Kaur, D. F. Dar, B.K. Sahoo, B. Arora, At. Data Nucl. Data Tables 137 (2021) 101381",https://doi.org/10.1016/j.adt.2020.101381,
38,Sr+,6P3/2,,37.09,0.25,CCSD,2021,"M. Kaur, D. F. Dar, B.K. Sahoo, B. Arora, At. Data Nucl. Data Tables 137 (2021) 101381",https://doi.org/10.1016/j.adt.2020.101381,
38,Sr+,6S1/2,,4.42,0.02,CCSD,2021,"M. Kaur, D. F. Dar, B.K. Sahoo, B. Arora, At. Data Nucl. Data Tables 137 (2021) 101381",https://doi.org/10.1016/j.adt.2020.101381,
38,Sr+,7D3/2,,11.55,0.04,CCSD,2021,"M. Kaur, D. F. Dar, B.K. Sahoo, B. Arora, At. Data Nucl. Data Tables 137 (2021) 101381",https://doi.org/10.1016/j.adt.2020.101381,
38,Sr+,7D5/2,,11.86,0.05,CCSD,2021,"M. Kaur, D. F. Dar, B.K. Sahoo, B. Arora, At. Data Nucl. Data Tables 137 (2021) 101381",https://doi.org/10.1016/j.adt.2020.101381,
38,Sr+,7P1/2,,115,1,CCSD,2021,"M. Kaur, D. F. Dar, B.K. Sahoo, B. Arora, At. Data Nucl. Data Tables 137 (2021) 101381",https://doi.org/10.1016/j.adt.2020.101381,
38,Sr+,7P3/2,,110.79,0.97,CCSD,2021,"M. Kaur, D. F. Dar, B.K. Sahoo, B. Arora, At. Data Nucl. Data Tables 137 (2021) 101381",https://doi.org/10.1016/j.adt.2020.101381,
38,Sr+,7S1/2,,7.21,0.01,CCSD,2021,"M. Kaur, D. F. Dar, B.K. Sahoo, B. Arora, At. Data Nucl. Data Tables 137 (2021) 101381",https://doi.org/10.1016/j.adt.2020.101381,
38,Sr+,8P1/2,,233,13,CCSD,2021,"M. Kaur, D. F. Dar, B.K. Sahoo, B. Arora, At. Data Nucl. Data Tables 137 (2021) 101381",https://doi.org/10.1016/j.adt.2020.101381,
38,Sr+,8P3/2,,244,14,CCSD,2021,"M. Kaur, D. F. Dar, B.K. Sahoo, B. Arora, At. Data Nucl. Data Tables 137 (2021) 101381",https://doi.org/10.1016/j.adt.2020.101381,
38,Sr+,8S1/2,,11.94,0.12,CCSD,2021,"M. Kaur, D. F. Dar, B.K. Sahoo, B. Arora, At. Data Nucl. Data Tables 137 (2021) 101381",https://doi.org/10.1016/j.adt.2020.101381,
40,Ca+,4P1/2,,6.875,,CCSDpT,2007,"B. Arora, M. S. Safronova, C. W. Clark, Phys. Rev. A 76 (2007) 064501.",https://doi.org/10.1103/PhysRevA.76.064501,
40,Ca+,4P3/2,,6.686,,CCSDpT,2007,"B. Arora, M. S. Safronova, C. W. Clark, Phys. Rev. A 76 (2007) 064501.",https://doi.org/10.1103/PhysRevA.76.064501,
40,Ca+,4D3/2,,2.83,0.03,CCSDpT,2011,"M. S. Safronova, U. I. Safronova, Phys. Rev. A 83 (2011) 012503.",https://doi.org/10.1103/PhysRevA.83.012503,
40,Ca+,4D5/2,,2.85,0.03,CCSDpT,2011,"M. S. Safronova, U. I. Safronova, Phys. Rev. A 83 (2011) 012503.",https://doi.org/10.1103/PhysRevA.83.012503,
40,Ca+,4F5/2,,3.55,0.07,CCSDpT,2011,"M. S. Safronova, U. I. Safronova, Phys. Rev. A 83 (2011) 012503.",https://doi.org/10.1103/PhysRevA.83.012503,
40,Ca+,4F7/2,,3.54,0.07,CCSDpT,2011,"M. S. Safronova, U. I. Safronova, Phys. Rev. A 83 (2011) 012503.",https://doi.org/10.1103/PhysRevA.83.012503,
40,Ca+,4P1/2,,6.88,0.06,CCSDpT,2011,"M. S. Safronova, U. I. Safronova, Phys. Rev. A 83 (2011) 012503.",https://doi.org/10.1103/PhysRevA.83.012503,
40,Ca+,4P3/2,,6.69,0.06,CCSDpT,2011,"M. S. Safronova, U. I. Safronova, Phys. Rev. A 83 (2011) 012503.",https://doi.org/10.1103/PhysRevA.83.012503,
40,Ca+,5D3/2,,6.16,0.13,CCSDpT,2011,"M. S. Safronova, U. I. Safronova, Phys. Rev. A 83 (2011) 012503.",https://doi.org/10.1103/PhysRevA.83.012503,
40,Ca+,5D5/2,,6.21,0.14,CCSDpT,2011,"M. S. Safronova, U. I. Safronova, Phys. Rev. A 83 (2011) 012503.",https://doi.org/10.1103/PhysRevA.83.012503,
40,Ca+,5P1/2,,35.4,0.7,CCSDpT,2011,"M. S. Safronova, U. I. Safronova, Phys. Rev. A 83 (2011) 012503.",https://doi.org/10.1103/PhysRevA.83.012503,
40,Ca+,5P3/2,,34.8,0.7,CCSDpT,2011,"M. S. Safronova, U. I. Safronova, Phys. Rev. A 83 (2011) 012503.",https://doi.org/10.1103/PhysRevA.83.012503,
40,Ca+,5S1/2,,3.91,0.04,CCSDpT,2011,"M. S. Safronova, U. I. Safronova, Phys. Rev. A 83 (2011) 012503.",https://doi.org/10.1103/PhysRevA.83.012503,
40,Ca+,6P1/2,,89,2,CCSDpT,2011,"M. S. Safronova, U. I. Safronova, Phys. Rev. A 83 (2011) 012503.",https://doi.org/10.1103/PhysRevA.83.012503,
40,Ca+,6P3/2,,90,2,CCSDpT,2011,"M. S. Safronova, U. I. Safronova, Phys. Rev. A 83 (2011) 012503.",https://doi.org/10.1103/PhysRevA.83.012503,
40,Ca+,6S1/2,,6.39,0.02,CCSDpT,2011,"M. S. Safronova, U. I. Safronova, Phys. Rev. A 83 (2011) 012503.",https://doi.org/10.1103/PhysRevA.83.012503,
40,Ca+,7S1/2,,10.63,0.03,CCSDpT,2011,"M. S. Safronova, U. I. Safronova, Phys. Rev. A 83 (2011) 012503.",https://doi.org/10.1103/PhysRevA.83.012503,
40,Ca+,3D3/2,,1243000000,,CCSDpT,2011,"U. I. Safronova, M. S. Safronova, Can. J. Phys. 89 (2011) 465.",https://cdnsciencepub.com/doi/abs/10.1139/p11-004,
40,Ca+,3D5/2,,1209000000,,CCSDpT,2011,"U. I. Safronova, M. S. Safronova, Can. J. Phys. 89 (2011) 465.",https://cdnsciencepub.com/doi/abs/10.1139/p11-004,
56,Ba+,5D3/2,,81500000000,,CPM,2001,"V. A. Dzuba, V. V. Flambaum, J. S. M. Ginges, Phys. Rev. A 63 (2001) 062101.",https://doi.org/10.1103/PhysRevA.63.062101,
56,Ba+,5D5/2,,30300000000,,CPM,2001,"V. A. Dzuba, V. V. Flambaum, J. S. M. Ginges, Phys. Rev. A 63 (2001) 062101.",https://doi.org/10.1103/PhysRevA.63.062101,
56,Ba+,6P1/2,,7.89,,CPM,2001,"V. A. Dzuba, V. V. Flambaum, J. S. M. Ginges, Phys. Rev. A 63 (2001) 062101.",https://doi.org/10.1103/PhysRevA.63.062101,
56,Ba+,6P3/2,,6.3,,CPM,2001,"V. A. Dzuba, V. V. Flambaum, J. S. M. Ginges, Phys. Rev. A 63 (2001) 062101.",https://doi.org/10.1103/PhysRevA.63.062101,
40,Ca+,4P3/2,,6.72,0.2,Experiment,1966,"W. W. Smith, A. Gallagher, Phys. Rev. 145 (1966) 26.",https://doi.org/10.1103/PhysRev.145.26,
12,Mg+,3P3/2,,3.67,0.18,Experiment,1966,"W. W. Smith, A. Gallagher, Phys. Rev. 145 (1966) 26.",https://doi.org/10.1103/PhysRev.145.26,
38,Sr+,5P1/2,,7.35,0.03,Experiment,1967,"A. Gallagher, Phys. Rev. 157 (1967) 24.",https://doi.org/10.1103/PhysRev.157.24,
38,Sr+,5P3/2,,6.53,0.02,Experiment,1967,"A. Gallagher, Phys. Rev. 157 (1967) 24.",https://doi.org/10.1103/PhysRev.157.24,
40,Ca+,4D5/2,,3.1,0.2,Experiment,1970,"T. Andersen, J. Desesquelles, K. A. Jessen, G. Sorensen, J. Quant. Spectrosc. Radiat. Transfer 10 (1970) 1143.",https://doi.org/10.1016/0022-4073(70)90063-4,
40,Ca+,5D3/2,,4.3,2,Experiment,1970,"T. Andersen, J. Desesquelles, K. A. Jessen, G. Sorensen, J. Quant. Spectrosc. Radiat. Transfer 10 (1970) 1143.",https://doi.org/10.1016/0022-4073(70)90063-4,
40,Ca+,5S1/2,,4.3,0.4,Experiment,1970,"T. Andersen, J. Desesquelles, K. A. Jessen, G. Sorensen, J. Quant. Spectrosc. Radiat. Transfer 10 (1970) 1143.",https://doi.org/10.1016/0022-4073(70)90063-4,
40,Ca+,4D3/2,,2.9,0.3,Experiment,1975,"B. Emmoth, M. Braun, J. Bromander, I. Martinson, Phys. Scr. 12 (1975) 75.",https://doi.org/10.1088/0031-8949/12/1-2/008,
40,Ca+,5S1/2,,3.4,0.4,Experiment,1975,"B. Emmoth, M. Braun, J. Bromander, I. Martinson, Phys. Scr. 12 (1975) 75.",https://doi.org/10.1088/0031-8949/12/1-2/008,
56,Ba+,6P3/2,,6.31,0.07,Experiment,1978,"P. Kuske, N. Kirchner, W. Wittmann, H. J. Andra, D. Kaiser, Phys. Lett. A 64 (1978) 377.",https://doi.org/10.1016/0375-9601(78)90271-2,
38,Sr+,5P1/2,,7.47,0.07,Experiment,1978,"P. Kuske, N. Kirchner, W. Wittmann, H. J. Andra, D. Kaiser, Phys. Lett. A 64 (1978) 377.",https://doi.org/10.1016/0375-9601(78)90271-2,
38,Sr+,5P3/2,,6.69,0.07,Experiment,1978,"P. Kuske, N. Kirchner, W. Wittmann, H. J. Andra, D. Kaiser, Phys. Lett. A 64 (1978) 377.",https://doi.org/10.1016/0375-9601(78)90271-2,
56,Ba+,5D5/2,,47000000000,16000000000,Experiment,1980,"F. Plumelle, M. Desaintfuscien, J. L. Duchene, A. Audoin, Opt. Commun. 34 (1980) 71.",https://doi.org/10.1016/0030-4018(80)90162-5,
40,Ca+,4P1/2,,6.96,0.35,Experiment,1985,"W. Ansbacher, A. S. Inamdar, E. H. Pinnington, Phys. Lett. A 110 (1985) 383.",https://doi.org/10.1016/0375-9601(85)90061-1,
40,Ca+,4P3/2,,6.71,0.25,Experiment,1985,"W. Ansbacher, A. S. Inamdar, E. H. Pinnington, Phys. Lett. A 110 (1985) 383.",https://doi.org/10.1016/0375-9601(85)90061-1,
38,Sr+,4D3/2,,395000000,38000000,Experiment,1987,"C. Gerz, T. Hilberath, G. Werth, Z. Phys. D 5 (1987) 97.",https://link.springer.com/article/10.1007/BF01436883,
38,Sr+,4D5/2,,345000000,33000000,Experiment,1987,"C. Gerz, T. Hilberath, G. Werth, Z. Phys. D 5 (1987) 97.",https://link.springer.com/article/10.1007/BF01436883,
12,Mg+,3P1/2,,3.854,0.03,Experiment,1989,"W. Ansbacher, E. H. Pinnington, Phys. Lett. A 139 (1989) 165.",https://doi.org/10.1016/0375-9601(89)90353-8,
12,Mg+,3P3/2,,3.81,0.04,Experiment,1989,"W. Ansbacher, E. H. Pinnington, Phys. Lett. A 139 (1989) 165.",https://doi.org/10.1016/0375-9601(89)90353-8,
38,Sr+,4D5/2,,372000000,25000000,Experiment,1990,"A. A. Madej, J. D. Sankey, Opt. Lett. 15 (1990) 634.",https://doi.org/10.1364/OL.15.000634,
40,Ca+,4P1/2,,7.098,0.02,Experiment,1993,"J. Jin, D. A. Church, Phys. Rev. Lett. 70 (1993) 3213.",https://doi.org/10.1103/PhysRevLett.70.3213,
40,Ca+,4P3/2,,6.924,0.019,Experiment,1993,"J. Jin, D. A. Church, Phys. Rev. Lett. 70 (1993) 3213.",https://doi.org/10.1103/PhysRevLett.70.3213,
56,Ba+,6P1/2,,7.9,0.1,Experiment,1995,"E. H. Pinnington, R. W. Berendst, M. Lumsden, J. Phys. B: At. Mol. Opt. Phys. 28 (1995) 2095.",https://iopscience.iop.org/article/10.1088/0953-4075/28/11/009,
56,Ba+,6P3/2,,6.32,0.1,Experiment,1995,"E. H. Pinnington, R. W. Berendst, M. Lumsden, J. Phys. B: At. Mol. Opt. Phys. 28 (1995) 2095.",https://iopscience.iop.org/article/10.1088/0953-4075/28/11/009,
56,Ba+,7P1/2,,31.8,1.3,Experiment,1995,"E. H. Pinnington, R. W. Berendst, M. Lumsden, J. Phys. B: At. Mol. Opt. Phys. 28 (1995) 2095.",https://iopscience.iop.org/article/10.1088/0953-4075/28/11/009,
56,Ba+,7P3/2,,24.5,0.08,Experiment,1995,"E. H. Pinnington, R. W. Berendst, M. Lumsden, J. Phys. B: At. Mol. Opt. Phys. 28 (1995) 2095.",https://iopscience.iop.org/article/10.1088/0953-4075/28/11/009,
38,Sr+,4F5/2,,3.09,0.06,Experiment,1995,"E. H. Pinnington, R. W. Berendst, M. Lumsden, J. Phys. B: At. Mol. Opt. Phys. 28 (1995) 2095.",https://iopscience.iop.org/article/10.1088/0953-4075/28/11/009,
38,Sr+,4F7/2,,2.97,0.05,Experiment,1995,"E. H. Pinnington, R. W. Berendst, M. Lumsden, J. Phys. B: At. Mol. Opt. Phys. 28 (1995) 2095.",https://iopscience.iop.org/article/10.1088/0953-4075/28/11/009,
38,Sr+,5P1/2,,7.39,0.07,Experiment,1995,"E. H. Pinnington, R. W. Berendst, M. Lumsden, J. Phys. B: At. Mol. Opt. Phys. 28 (1995) 2095.",https://iopscience.iop.org/article/10.1088/0953-4075/28/11/009,
38,Sr+,5P3/2,,6.63,0.07,Experiment,1995,"E. H. Pinnington, R. W. Berendst, M. Lumsden, J. Phys. B: At. Mol. Opt. Phys. 28 (1995) 2095.",https://iopscience.iop.org/article/10.1088/0953-4075/28/11/009,
40,Ca+,3D3/2,,1170000000,50000000,Experiment,1999,"J. Lidberg, A. Al-Khalili, L. -O. Norlin, P. Royen, X. Tordoir, S. Mannervik, J. Phys. B 32 (1999) 757.",https://iopscience.iop.org/article/10.1088/0953-4075/32/3/017,
38,Sr+,4D3/2,,435000000,4000000,Experiment,1999,"S. Mannervik, J. Lidberg, L. -O. Norlin, P. Royen, A. Schmitt, W. Shi, X. Tordoir, Phys. Rev. Lett. 83 (1999) 698.",https://doi.org/10.1103/PhysRevLett.83.698,
40,Ca+,3D5/2,,1177000000,10000000,Experiment,2000,"C. J. S. Donald, D. M. Lucas, P. A. Barton, M. J. McDonnell, J. P. Stacey, D. A. Stevens, D. N. stacey, A. M. Steane, Europhys. Lett. 51 (2000) 388.",https://iopscience.iop.org/article/10.1209/epl/i2000-00506-9,
38,Sr+,4D3/2,,435000000,4000000,Experiment,2000,"E. Biemont, J. Lidberg, S. Mannervik, L. -O. Norlin, P. Royen, A. Schmitt, W. Shi, X. Tordoir, Eur. Phys. J. D 11 (2000) 355.",https://link.springer.com/article/10.1007/s100530070063,
38,Sr+,4D5/2,,408000000,22000000,Experiment,2000,"E. Biemont, J. Lidberg, S. Mannervik, L. -O. Norlin, P. Royen, A. Schmitt, W. Shi, X. Tordoir, Eur. Phys. J. D 11 (2000) 355.",https://link.springer.com/article/10.1007/s100530070063,
40,Ca+,3D3/2,,1200000000,10000000,Experiment,2000,"P. A. Barton, C. J. S. Donald, D. M. Lucas, D. A. Stevens, A. M. Steane, D. N. Stacey, Phys. Rev. A 62 (2000) 032503.",https://doi.org/10.1103/PhysRevA.62.032503,
40,Ca+,3D5/2,,1168000000,7000000,Experiment,2000,"P. A. Barton, C. J. S. Donald, D. M. Lucas, D. A. Stevens, A. M. Steane, D. N. Stacey, Phys. Rev. A 62 (2000) 032503.",https://doi.org/10.1103/PhysRevA.62.032503,
40,Ca+,3D5/2,,1152000000,20000000,Experiment,2004,"M. Knoop, C. Champenois, G. Hagel, M. Houssin, C. Lisowski, M. Vedel, F. Vedel, Eur. Phys. J. D 29 (2004) 163.",https://doi.org/10.1140/epjd/e2004-00022-6,
40,Ca+,3D3/2,,1176000000,11000000,Experiment,2005,"A. Kreuter, C. Becher, G. P. T. Lancaster, A. B. Mundt, C. Russo, H. Haffner, C. Roos, W. Hansel, F. Schmidt-Kaler, R. Blatt, M. S. Safronova, Phys. Rev. A 71 (2005) 032504.",https://doi.org/10.1103/PhysRevA.71.032504,
40,Ca+,3D5/2,,1168000000,9000000,Experiment,2005,"A. Kreuter, C. Becher, G. P. T. Lancaster, A. B. Mundt, C. Russo, H. Haffner, C. Roos, W. Hansel, F. Schmidt-Kaler, R. Blatt, M. S. Safronova, Phys. Rev. A 71 (2005) 032504.",https://doi.org/10.1103/PhysRevA.71.032504,
56,Ba+,5D3/2,,89400000000,15600000000,Experiment,2007,"J. Gurell, E. Bi�mont, K. Blagoev, V. Fivet, P. Lundin, S. Mannervik, L. -O. Norlin, P. Quinet, D. Rostohar, P. Royen, P. Schef, Phys. Rev. A 75 (2007) 052506.",https://doi.org/10.1103/PhysRevA.75.052506,
56,Ba+,5D5/2,,32000000000,4600000000,Experiment,2007,"J. Gurell, E. Bi�mont, K. Blagoev, V. Fivet, P. Lundin, S. Mannervik, L. -O. Norlin, P. Quinet, D. Rostohar, P. Royen, P. Schef, Phys. Rev. A 75 (2007) 052506.",https://doi.org/10.1103/PhysRevA.75.052506,
12,Mg+,3P3/2,,3.84,0.1,Experiment,2009,"M. Herrmann, V. Batteiger, S. Kn�nz, G. Saathoff, Th. Udem, T. W. H�nsch, Phys. Rev. Lett. 102 (2009) 013006.",https://doi.org/10.1103/PhysRevLett.102.013006,
56,Ba+,5D5/2,,31200000000,900000000,Experiment,2014,"C. Auchter, T. W. Noel, M. R. Hoffman, S. R. Williams, B. B. Blinov, Phys. Rev. A 90 (2014) 060501(R).",https://doi.org/10.1103/PhysRevA.90.060501,
40,Ca+,4P1/2,,6.904,0.026,Experiment,2015,"M. Hettrich, T. Ruster, H. Kaufmann, C. F. Roos, C. T. Schmiegelow, F. Schmidt-Kaler, U. G. Poschinger, Phys. Rev. Lett. 115 (2015) 143003.",https://doi.org/10.1103/PhysRevLett.115.143003,
56,Ba+,6P1/2,,7.855,0.01,Experiment,2019,"K. J. Arnold, S. R. Chanu, R. Kaewuam, T. R. Tan, L. Yeo, Z. Zhang, M. S. Safronova, M. D. Barrett, Phys. Rev. A 100 (2019) 032503.",https://doi.org/10.1103/PhysRevA.100.032503,
56,Ba+,6P3/2,,6.271,0.008,Experiment,2019,"K. J. Arnold, S. R. Chanu, R. Kaewuam, T. R. Tan, L. Yeo, Z. Zhang, M. S. Safronova, M. D. Barrett, Phys. Rev. A 100 (2019) 032503.",https://doi.org/10.1103/PhysRevA.100.032503,
40,Ca+,4P3/2,,6.639,0.042,Experiment,2020,"Z. Meir, M. Sinhal, M. S. Safronova, S. Willitsch, Phys. Rev. A 101 (2020) 012509.",https://doi.org/10.1103/PhysRevA.101.012509,
56,Ba+,5D5/2,,30140000000,400000000,Experiment,2020,"Z. Zhang, K. J. Arnold, S. R. Chanu, R. Kaewuam, M. S. Safronova, M. D. Barrett, Phys. Rev. A 101 (2020) 062515.",https://doi.org/10.1103/PhysRevA.101.062515,
56,Ba+,6P1/2,,7.74,0.4,Theory,1967,"A. Gallagher, Phys. Rev. 157 (1967) 24.",https://doi.org/10.1103/PhysRev.157.24,
56,Ba+,6P3/2,,6.27,0.25,Theory,1967,"A. Gallagher, Phys. Rev. 157 (1967) 24.",https://doi.org/10.1103/PhysRev.157.24,
12,Mg+,3P1/2,,3.872,,Theory,1968,"L. J. Curtis, Amer. J. Phys. 36 (1968) 1123.",https://doi.org/10.1119/1.1974376,
12,Mg+,3P3/2,,3.842,,Theory,1968,"L. J. Curtis, Amer. J. Phys. 36 (1968) 1123.",https://doi.org/10.1119/1.1974376,
56,Ba+,6P1/2,,7.92,0.08,Theory,1978,"P. Kuske, N. Kirchner, W. Wittmann, H. J. Andra, D. Kaiser, Phys. Lett. A 64 (1978) 377.",https://doi.org/10.1016/0375-9601(78)90271-2,
40,Ca+,4D3/2,,2.868,,Theory,1989,"C. E. Theodosiou, Phys. Rev. A 39 (1989) 4880.",https://doi.org/10.1103/PhysRevA.39.4880,
40,Ca+,4D5/2,,2.886,,Theory,1989,"C. E. Theodosiou, Phys. Rev. A 39 (1989) 4880.",https://doi.org/10.1103/PhysRevA.39.4880,
40,Ca+,4F5/2,,3.895,,Theory,1989,"C. E. Theodosiou, Phys. Rev. A 39 (1989) 4880.",https://doi.org/10.1103/PhysRevA.39.4880,
40,Ca+,4F7/2,,3.897,,Theory,1989,"C. E. Theodosiou, Phys. Rev. A 39 (1989) 4880.",https://doi.org/10.1103/PhysRevA.39.4880,
40,Ca+,5D3/2,,6.148,,Theory,1989,"C. E. Theodosiou, Phys. Rev. A 39 (1989) 4880.",https://doi.org/10.1103/PhysRevA.39.4880,
40,Ca+,5D5/2,,6.199,,Theory,1989,"C. E. Theodosiou, Phys. Rev. A 39 (1989) 4880.",https://doi.org/10.1103/PhysRevA.39.4880,
40,Ca+,5P1/2,,36.2,,Theory,1989,"C. E. Theodosiou, Phys. Rev. A 39 (1989) 4880.",https://doi.org/10.1103/PhysRevA.39.4880,
40,Ca+,5P3/2,,35.349,,Theory,1989,"C. E. Theodosiou, Phys. Rev. A 39 (1989) 4880.",https://doi.org/10.1103/PhysRevA.39.4880,
40,Ca+,5S1/2,,4.153,,Theory,1989,"C. E. Theodosiou, Phys. Rev. A 39 (1989) 4880.",https://doi.org/10.1103/PhysRevA.39.4880,
40,Ca+,6P1/2,,100.254,,Theory,1989,"C. E. Theodosiou, Phys. Rev. A 39 (1989) 4880.",https://doi.org/10.1103/PhysRevA.39.4880,
40,Ca+,6P3/2,,99.675,,Theory,1989,"C. E. Theodosiou, Phys. Rev. A 39 (1989) 4880.",https://doi.org/10.1103/PhysRevA.39.4880,
40,Ca+,6S1/2,,6.766,,Theory,1989,"C. E. Theodosiou, Phys. Rev. A 39 (1989) 4880.",https://doi.org/10.1103/PhysRevA.39.4880,
40,Ca+,7S1/2,,11.262,,Theory,1989,"C. E. Theodosiou, Phys. Rev. A 39 (1989) 4880.",https://doi.org/10.1103/PhysRevA.39.4880,
56,Ba+,5D5/2,,34500000000,3500000000,Theory,1990,"A. A. Madej, J. D. Sankey, Phys. Rev. A 41 (1990) 2621.",https://doi.org/10.1103/PhysRevA.41.2621,
56,Ba+,5D3/2,,83700000000,,Theory,1991,"C. Guet, W. R. Johnson, Phys. Rev. A 44 (1991) 1531.",https://doi.org/10.1103/PhysRevA.44.1531,
56,Ba+,5D5/2,,37200000000,,Theory,1991,"C. Guet, W. R. Johnson, Phys. Rev. A 44 (1991) 1531.",https://doi.org/10.1103/PhysRevA.44.1531,
56,Ba+,6P1/2,,7.99,,Theory,1991,"C. Guet, W. R. Johnson, Phys. Rev. A 44 (1991) 1531.",https://doi.org/10.1103/PhysRevA.44.1531,
56,Ba+,6P3/2,,6.39,,Theory,1991,"C. Guet, W. R. Johnson, Phys. Rev. A 44 (1991) 1531.",https://doi.org/10.1103/PhysRevA.44.1531,
40,Ca+,3D3/2,,1271000000,,Theory,1991,"C. Guet, W. R. Johnson, Phys. Rev. A 44 (1991) 1531.",https://doi.org/10.1103/PhysRevA.44.1531,
40,Ca+,3D5/2,,1236000000,,Theory,1991,"C. Guet, W. R. Johnson, Phys. Rev. A 44 (1991) 1531.",https://doi.org/10.1103/PhysRevA.44.1531,
40,Ca+,4P1/2,,6.94,,Theory,1991,"C. Guet, W. R. Johnson, Phys. Rev. A 44 (1991) 1531.",https://doi.org/10.1103/PhysRevA.44.1531,
40,Ca+,4P3/2,,6.75,,Theory,1991,"C. Guet, W. R. Johnson, Phys. Rev. A 44 (1991) 1531.",https://doi.org/10.1103/PhysRevA.44.1531,
38,Sr+,4D3/2,,454000000,,Theory,1991,"C. Guet, W. R. Johnson, Phys. Rev. A 44 (1991) 1531.",https://doi.org/10.1103/PhysRevA.44.1531,
38,Sr+,4D5/2,,405000000,,Theory,1991,"C. Guet, W. R. Johnson, Phys. Rev. A 44 (1991) 1531.",https://doi.org/10.1103/PhysRevA.44.1531,
38,Sr+,5P1/2,,7.48,,Theory,1991,"C. Guet, W. R. Johnson, Phys. Rev. A 44 (1991) 1531.",https://doi.org/10.1103/PhysRevA.44.1531,
38,Sr+,5P3/2,,6.74,,Theory,1991,"C. Guet, W. R. Johnson, Phys. Rev. A 44 (1991) 1531.",https://doi.org/10.1103/PhysRevA.44.1531,
40,Ca+,3D3/2,,1200000000,,Theory,1993,"M. Poirier, Z. Phys. D 25 (1993) 117.",https://link.springer.com/article/10.1007/BF01450163,
40,Ca+,3D5/2,,1170000000,,Theory,1993,"M. Poirier, Z. Phys. D 25 (1993) 117.",https://link.springer.com/article/10.1007/BF01450163,
40,Ca+,4P1/2,,6.87,,Theory,1993,"M. Poirier, Z. Phys. D 25 (1993) 117.",https://link.springer.com/article/10.1007/BF01450163,
40,Ca+,4P3/2,,6.681,,Theory,1993,"M. Poirier, Z. Phys. D 25 (1993) 117.",https://link.springer.com/article/10.1007/BF01450163,
38,Sr+,4D3/2,,441000000,,Theory,1993,"M. Poirier, Z. Phys. D 25 (1993) 117.",https://link.springer.com/article/10.1007/BF01450163,
38,Sr+,4D5/2,,396000000,,Theory,1993,"M. Poirier, Z. Phys. D 25 (1993) 117.",https://link.springer.com/article/10.1007/BF01450163,
38,Sr+,5P1/2,,7.43,,Theory,1993,"M. Poirier, Z. Phys. D 25 (1993) 117.",https://link.springer.com/article/10.1007/BF01450163,
38,Sr+,5P3/2,,6.697,,Theory,1993,"M. Poirier, Z. Phys. D 25 (1993) 117.",https://link.springer.com/article/10.1007/BF01450163,
40,Ca+,3D3/2,,1200000000,,Theory,1993,"T. Brage, F. C. Froese, N. Vaeck, M. Godefroid, A. Hibbert, Phys. Scr. 48 (1993) 533.",https://iopscience.iop.org/article/10.1088/0031-8949/48/5/006,
40,Ca+,3D5/2,,1163000000,,Theory,1993,"T. Brage, F. C. Froese, N. Vaeck, M. Godefroid, A. Hibbert, Phys. Scr. 48 (1993) 533.",https://iopscience.iop.org/article/10.1088/0031-8949/48/5/006,
40,Ca+,4P3/2,,6.833,,Theory,1995,"S. S. Liaw, Phys. Rev. A 51 (1995) R1723.",https://doi.org/10.1103/PhysRevA.51.R1723,
56,Ba+,5D3/2,,79800000000,4600000000,Theory,1997,"N. Yu, W. Nagourney, H. Dehmelt, Phys. Rev. Lett. 78 (1997) 4898.",https://doi.org/10.1103/PhysRevLett.78.4898,
56,Ba+,5D3/2,,81400000000,,Theory,2002,"G. Gopakumar, H. Merlitz, R. K. Chaudhuri, B. P. Das, U. S. Mahapatra, D. Mukherjee, Phys. Rev. A 66 (2002) 032505.",https://doi.org/10.1103/PhysRevA.66.032505,
56,Ba+,5D5/2,,36500000000,,Theory,2002,"G. Gopakumar, H. Merlitz, R. K. Chaudhuri, B. P. Das, U. S. Mahapatra, D. Mukherjee, Phys. Rev. A 66 (2002) 032505.",https://doi.org/10.1103/PhysRevA.66.032505,
56,Ba+,6P1/2,,7.92,,Theory,2002,"G. Gopakumar, H. Merlitz, R. K. Chaudhuri, B. P. Das, U. S. Mahapatra, D. Mukherjee, Phys. Rev. A 66 (2002) 032505.",https://doi.org/10.1103/PhysRevA.66.032505,
56,Ba+,6P3/2,,6.31,,Theory,2002,"G. Gopakumar, H. Merlitz, R. K. Chaudhuri, B. P. Das, U. S. Mahapatra, D. Mukherjee, Phys. Rev. A 66 (2002) 032505.",https://doi.org/10.1103/PhysRevA.66.032505,
12,Mg+,3P1/2,,3.881,,Theory,2002,"S. Majumder, H. Merlitz, G. Gopakumar, B. P. Das, U. S. Mahapatra, D. Mukherjee, Astrophys. J. 574 (2002) 513.",https://iopscience.iop.org/article/10.1086/340939,
12,Mg+,3P3/2,,3.85,,Theory,2002,"S. Majumder, H. Merlitz, G. Gopakumar, B. P. Das, U. S. Mahapatra, D. Mukherjee, Astrophys. J. 574 (2002) 513.",https://iopscience.iop.org/article/10.1086/340939,
40,Ca+,3D3/2,,1196000000,11000000,CCSDpT,2005,"A. Kreuter, C. Becher, G. P. T. Lancaster, A. B. Mundt, C. Russo, H. Haffner, C. Roos, W. Hansel, F. Schmidt-Kaler, R. Blatt, M. S. Safronova, Phys. Rev. A 71 (2005) 032504.",https://doi.org/10.1103/PhysRevA.71.032504,
40,Ca+,3D5/2,,1165000000,11000000,CCSDpT,2005,"A. Kreuter, C. Becher, G. P. T. Lancaster, A. B. Mundt, C. Russo, H. Haffner, C. Roos, W. Hansel, F. Schmidt-Kaler, R. Blatt, M. S. Safronova, Phys. Rev. A 71 (2005) 032504.",https://doi.org/10.1103/PhysRevA.71.032504,
56,Ba+,5D3/2,,80086000000,714000000,CCSD(T),2006,"B. K. Sahoo, Md. R. Islam, B. P. Das, R. K. Chaudhuri, D. Mukherjee, Phys. Rev. A 74 (2006) 062504.",https://doi.org/10.1103/PhysRevA.74.062504,
56,Ba+,5D5/2,,29856000000,296000000,CCSD(T),2006,"B. K. Sahoo, Md. R. Islam, B. P. Das, R. K. Chaudhuri, D. Mukherjee, Phys. Rev. A 74 (2006) 062504.",https://doi.org/10.1103/PhysRevA.74.062504,
40,Ca+,3D3/2,,1185000000,7000000,CCSD(T),2006,"B. K. Sahoo, Md. R. Islam, B. P. Das, R. K. Chaudhuri, D. Mukherjee, Phys. Rev. A 74 (2006) 062504.",https://doi.org/10.1103/PhysRevA.74.062504,
40,Ca+,3D5/2,,1110000000,9000000,CCSD(T),2006,"B. K. Sahoo, Md. R. Islam, B. P. Das, R. K. Chaudhuri, D. Mukherjee, Phys. Rev. A 74 (2006) 062504.",https://doi.org/10.1103/PhysRevA.74.062504,
38,Sr+,4D3/2,,426000000,8000000,CCSD(T),2006,"B. K. Sahoo, Md. R. Islam, B. P. Das, R. K. Chaudhuri, D. Mukherjee, Phys. Rev. A 74 (2006) 062504.",https://doi.org/10.1103/PhysRevA.74.062504,
38,Sr+,4D5/2,,357000000,12000000,CCSD(T),2006,"B. K. Sahoo, Md. R. Islam, B. P. Das, R. K. Chaudhuri, D. Mukherjee, Phys. Rev. A 74 (2006) 062504.",https://doi.org/10.1103/PhysRevA.74.062504,
12,Mg+,4S1/2,,2.95,,Theory,2006,"C. F. Fischer, G. Tachiev, A. Irimia, At. Data Nucl. Data Tables 92 (2006) 607.",https://doi.org/10.1016/j.adt.2006.03.001,
12,Mg+,3D3/2,,1.96,,Theory,2006,"C. F. Fischer, G. Tachiev, A. Irimia, At. Data Nucl. Data Tables 92 (2006) 607.",https://doi.org/10.1016/j.adt.2006.03.001,
12,Mg+,3D5/2,,1.97,,Theory,2006,"C. F. Fischer, G. Tachiev, A. Irimia, At. Data Nucl. Data Tables 92 (2006) 607.",https://doi.org/10.1016/j.adt.2006.03.001,
12,Mg+,4P1/2,,19,,Theory,2006,"C. F. Fischer, G. Tachiev, A. Irimia, At. Data Nucl. Data Tables 92 (2006) 607.",https://doi.org/10.1016/j.adt.2006.03.001,
12,Mg+,4P3/2,,18.8,,Theory,2006,"C. F. Fischer, G. Tachiev, A. Irimia, At. Data Nucl. Data Tables 92 (2006) 607.",https://doi.org/10.1016/j.adt.2006.03.001,
12,Mg+,5S1/2,,5.05,,Theory,2006,"C. F. Fischer, G. Tachiev, A. Irimia, At. Data Nucl. Data Tables 92 (2006) 607.",https://doi.org/10.1016/j.adt.2006.03.001,
12,Mg+,4D3/2,,7.31,,Theory,2006,"C. F. Fischer, G. Tachiev, A. Irimia, At. Data Nucl. Data Tables 92 (2006) 607.",https://doi.org/10.1016/j.adt.2006.03.001,
12,Mg+,4D5/2,,7.35,,Theory,2006,"C. F. Fischer, G. Tachiev, A. Irimia, At. Data Nucl. Data Tables 92 (2006) 607.",https://doi.org/10.1016/j.adt.2006.03.001,
12,Mg+,4F5/2,,4.28,,Theory,2006,"C. F. Fischer, G. Tachiev, A. Irimia, At. Data Nucl. Data Tables 92 (2006) 607.",https://doi.org/10.1016/j.adt.2006.03.001,
12,Mg+,4F7/2,,4.28,,Theory,2006,"C. F. Fischer, G. Tachiev, A. Irimia, At. Data Nucl. Data Tables 92 (2006) 607.",https://doi.org/10.1016/j.adt.2006.03.001,
12,Mg+,5P1/2,,48.3,,Theory,2006,"C. F. Fischer, G. Tachiev, A. Irimia, At. Data Nucl. Data Tables 92 (2006) 607.",https://doi.org/10.1016/j.adt.2006.03.001,
12,Mg+,5P3/2,,48.2,,Theory,2006,"C. F. Fischer, G. Tachiev, A. Irimia, At. Data Nucl. Data Tables 92 (2006) 607.",https://doi.org/10.1016/j.adt.2006.03.001,
12,Mg+,6S1/2,,8.18,,Theory,2006,"C. F. Fischer, G. Tachiev, A. Irimia, At. Data Nucl. Data Tables 92 (2006) 607.",https://doi.org/10.1016/j.adt.2006.03.001,
12,Mg+,5D3/2,,18.1,,Theory,2006,"C. F. Fischer, G. Tachiev, A. Irimia, At. Data Nucl. Data Tables 92 (2006) 607.",https://doi.org/10.1016/j.adt.2006.03.001,
12,Mg+,5D5/2,,18.2,,Theory,2006,"C. F. Fischer, G. Tachiev, A. Irimia, At. Data Nucl. Data Tables 92 (2006) 607.",https://doi.org/10.1016/j.adt.2006.03.001,
12,Mg+,5F5/2,,8.14,,Theory,2006,"C. F. Fischer, G. Tachiev, A. Irimia, At. Data Nucl. Data Tables 92 (2006) 607.",https://doi.org/10.1016/j.adt.2006.03.001,
12,Mg+,5F7/2,,8.14,,Theory,2006,"C. F. Fischer, G. Tachiev, A. Irimia, At. Data Nucl. Data Tables 92 (2006) 607.",https://doi.org/10.1016/j.adt.2006.03.001,
12,Mg+,3P1/2,,3.64,,Theory,2006,"C. F. Fischer, G. Tachiev, A. Irimia, At. Data Nucl. Data Tables 92 (2006) 607.",https://doi.org/10.1016/j.adt.2006.03.001,
12,Mg+,3P3/2,,3.61,,Theory,2006,"C. F. Fischer, G. Tachiev, A. Irimia, At. Data Nucl. Data Tables 92 (2006) 607.",https://doi.org/10.1016/j.adt.2006.03.001,
56,Ba+,5D3/2,,82000000000,,Theory,2007,"J. Gurell, E. Bi�mont, K. Blagoev, V. Fivet, P. Lundin, S. Mannervik, L. -O. Norlin, P. Quinet, D. Rostohar, P. Royen, P. Schef, Phys. Rev. A 75 (2007) 052506.",https://doi.org/10.1103/PhysRevA.75.052506,
56,Ba+,5D5/2,,31600000000,,Theory,2007,"J. Gurell, E. Bi�mont, K. Blagoev, V. Fivet, P. Lundin, S. Mannervik, L. -O. Norlin, P. Quinet, D. Rostohar, P. Royen, P. Schef, Phys. Rev. A 75 (2007) 052506.",https://doi.org/10.1103/PhysRevA.75.052506,
40,Ca+,4P1/2,,6.931,,CCSD(T),2009,"B. K. Sahoo, B. P. Das, D. Mukherjee, Phys. Rev. A 79 (2009) 052511.",https://doi.org/10.1103/PhysRevA.79.052511,
40,Ca+,4P3/2,,6.881,,CCSD(T),2009,"B. K. Sahoo, B. P. Das, D. Mukherjee, Phys. Rev. A 79 (2009) 052511.",https://doi.org/10.1103/PhysRevA.79.052511,
56,Ba+,6P1/2,,7.92,0.1,CCSD(T),2009,"B. K. Sahoo, L. W. Wansbeek, K. Jungmann, R. G. E. Timmermans, Phys. Rev. A 79 (2009) 052512.",https://doi.org/10.1103/PhysRevA.79.052512,
56,Ba+,6P3/2,,6.3,0.17,CCSD(T),2009,"B. K. Sahoo, L. W. Wansbeek, K. Jungmann, R. G. E. Timmermans, Phys. Rev. A 79 (2009) 052512.",https://doi.org/10.1103/PhysRevA.79.052512,
12,Mg+,4S1/2,,2.9,,WBEPMT,2011,"G. Celik, S. S. Ozarslan, M. Taser, J. Quant. Spectrosc. Radiat. Transfer 112 (2011) 2330.",https://doi.org/10.1016/j.jqsrt.2011.06.010,
12,Mg+,3D3/2,,2.04,,WBEPMT,2011,"G. Celik, S. S. Ozarslan, M. Taser, J. Quant. Spectrosc. Radiat. Transfer 112 (2011) 2330.",https://doi.org/10.1016/j.jqsrt.2011.06.010,
12,Mg+,3D5/2,,2.05,,WBEPMT,2011,"G. Celik, S. S. Ozarslan, M. Taser, J. Quant. Spectrosc. Radiat. Transfer 112 (2011) 2330.",https://doi.org/10.1016/j.jqsrt.2011.06.010,
12,Mg+,4P1/2,,18.8,,WBEPMT,2011,"G. Celik, S. S. Ozarslan, M. Taser, J. Quant. Spectrosc. Radiat. Transfer 112 (2011) 2330.",https://doi.org/10.1016/j.jqsrt.2011.06.010,
12,Mg+,4P3/2,,18.7,,WBEPMT,2011,"G. Celik, S. S. Ozarslan, M. Taser, J. Quant. Spectrosc. Radiat. Transfer 112 (2011) 2330.",https://doi.org/10.1016/j.jqsrt.2011.06.010,
12,Mg+,5S1/2,,5.04,,WBEPMT,2011,"G. Celik, S. S. Ozarslan, M. Taser, J. Quant. Spectrosc. Radiat. Transfer 112 (2011) 2330.",https://doi.org/10.1016/j.jqsrt.2011.06.010,
12,Mg+,4D3/2,,7.43,,WBEPMT,2011,"G. Celik, S. S. Ozarslan, M. Taser, J. Quant. Spectrosc. Radiat. Transfer 112 (2011) 2330.",https://doi.org/10.1016/j.jqsrt.2011.06.010,
12,Mg+,4D5/2,,7.46,,WBEPMT,2011,"G. Celik, S. S. Ozarslan, M. Taser, J. Quant. Spectrosc. Radiat. Transfer 112 (2011) 2330.",https://doi.org/10.1016/j.jqsrt.2011.06.010,
12,Mg+,4F5/2,,4.41,,WBEPMT,2011,"G. Celik, S. S. Ozarslan, M. Taser, J. Quant. Spectrosc. Radiat. Transfer 112 (2011) 2330.",https://doi.org/10.1016/j.jqsrt.2011.06.010,
12,Mg+,4F7/2,,4.41,,WBEPMT,2011,"G. Celik, S. S. Ozarslan, M. Taser, J. Quant. Spectrosc. Radiat. Transfer 112 (2011) 2330.",https://doi.org/10.1016/j.jqsrt.2011.06.010,
12,Mg+,5P1/2,,45.5,,WBEPMT,2011,"G. Celik, S. S. Ozarslan, M. Taser, J. Quant. Spectrosc. Radiat. Transfer 112 (2011) 2330.",https://doi.org/10.1016/j.jqsrt.2011.06.010,
12,Mg+,5P3/2,,45.5,,WBEPMT,2011,"G. Celik, S. S. Ozarslan, M. Taser, J. Quant. Spectrosc. Radiat. Transfer 112 (2011) 2330.",https://doi.org/10.1016/j.jqsrt.2011.06.010,
12,Mg+,6S1/2,,8.76,,WBEPMT,2011,"G. Celik, S. S. Ozarslan, M. Taser, J. Quant. Spectrosc. Radiat. Transfer 112 (2011) 2330.",https://doi.org/10.1016/j.jqsrt.2011.06.010,
12,Mg+,5D3/2,,18.3,,WBEPMT,2011,"G. Celik, S. S. Ozarslan, M. Taser, J. Quant. Spectrosc. Radiat. Transfer 112 (2011) 2330.",https://doi.org/10.1016/j.jqsrt.2011.06.010,
12,Mg+,5D5/2,,18.4,,WBEPMT,2011,"G. Celik, S. S. Ozarslan, M. Taser, J. Quant. Spectrosc. Radiat. Transfer 112 (2011) 2330.",https://doi.org/10.1016/j.jqsrt.2011.06.010,
12,Mg+,5F5/2,,8.41,,WBEPMT,2011,"G. Celik, S. S. Ozarslan, M. Taser, J. Quant. Spectrosc. Radiat. Transfer 112 (2011) 2330.",https://doi.org/10.1016/j.jqsrt.2011.06.010,
12,Mg+,5F7/2,,8.41,,WBEPMT,2011,"G. Celik, S. S. Ozarslan, M. Taser, J. Quant. Spectrosc. Radiat. Transfer 112 (2011) 2330.",https://doi.org/10.1016/j.jqsrt.2011.06.010,
12,Mg+,3P1/2,,3.85,,WBEPMT,2011,"G. Celik, S. S. Ozarslan, M. Taser, J. Quant. Spectrosc. Radiat. Transfer 112 (2011) 2330.",https://doi.org/10.1016/j.jqsrt.2011.06.010,
12,Mg+,3P3/2,,3.81,,WBEPMT,2011,"G. Celik, S. S. Ozarslan, M. Taser, J. Quant. Spectrosc. Radiat. Transfer 112 (2011) 2330.",https://doi.org/10.1016/j.jqsrt.2011.06.010,
56,Ba+,5D3/2,,83260000000,,CCSD,2011,"U. I. Safronova, M. S. Safronova, Can. J. Phys. 89 (2011) 465.",https://cdnsciencepub.com/doi/abs/10.1139/p11-004,
56,Ba+,5D5/2,,30880000000,,CCSD,2011,"U. I. Safronova, M. S. Safronova, Can. J. Phys. 89 (2011) 465.",https://cdnsciencepub.com/doi/abs/10.1139/p11-004,
56,Ba+,6P1/2,,7.79,,CCSD,2011,"U. I. Safronova, M. S. Safronova, Can. J. Phys. 89 (2011) 465.",https://cdnsciencepub.com/doi/abs/10.1139/p11-004,
56,Ba+,6P3/2,,6.24,,CCSD,2011,"U. I. Safronova, M. S. Safronova, Can. J. Phys. 89 (2011) 465.",https://cdnsciencepub.com/doi/abs/10.1139/p11-004,
38,Sr+,4D3/2,,450900000,,CCSD,2011,"U. I. Safronova, M. S. Safronova, Can. J. Phys. 89 (2011) 465.",https://cdnsciencepub.com/doi/abs/10.1139/p11-004,
38,Sr+,4D5/2,,402900000,,CCSD,2011,"U. I. Safronova, M. S. Safronova, Can. J. Phys. 89 (2011) 465.",https://cdnsciencepub.com/doi/abs/10.1139/p11-004,
38,Sr+,5P1/2,,7.383,,CCSD,2011,"U. I. Safronova, M. S. Safronova, Can. J. Phys. 89 (2011) 465.",https://cdnsciencepub.com/doi/abs/10.1139/p11-004,
38,Sr+,5P3/2,,6.66,,CCSD,2011,"U. I. Safronova, M. S. Safronova, Can. J. Phys. 89 (2011) 465.",https://cdnsciencepub.com/doi/abs/10.1139/p11-004,
40,Ca+,3D3/2,,1143000000,1000000,Theory,2013,"Y. B. Tang, H. X. Qaio, T. Y. Shi, J. Mitroy, Phys. Rev. A 87 (2013) 042517.",https://doi.org/10.1103/PhysRevA.87.042517,
40,Ca+,3D5/2,,1114000000,1000000,Theory,2013,"Y. B. Tang, H. X. Qaio, T. Y. Shi, J. Mitroy, Phys. Rev. A 87 (2013) 042517.",https://doi.org/10.1103/PhysRevA.87.042517,
40,Ca+,4P1/2,,6.94,0.01,Theory,2013,"Y. B. Tang, H. X. Qaio, T. Y. Shi, J. Mitroy, Phys. Rev. A 87 (2013) 042517.",https://doi.org/10.1103/PhysRevA.87.042517,
40,Ca+,4P3/2,,6.75,0.01,Theory,2013,"Y. B. Tang, H. X. Qaio, T. Y. Shi, J. Mitroy, Phys. Rev. A 87 (2013) 042517.",https://doi.org/10.1103/PhysRevA.87.042517,
38,Sr+,4D3/2,,445000000,3000000,Semi-Empirical,2018,"L. Filippin, S. Schiffmann, J. Dohet-Eraly, D. Baye, M. Godefroid, Phys. Rev. A 97 (2018) 012506.",https://doi.org/10.1103/PhysRevA.97.012506,
38,Sr+,4D5/2,,398000000,3000000,Semi-Empirical,2018,"L. Filippin, S. Schiffmann, J. Dohet-Eraly, D. Baye, M. Godefroid, Phys. Rev. A 97 (2018) 012506.",https://doi.org/10.1103/PhysRevA.97.012506,
56,Ba+,6P3/2,,6.2615,0.0072,CCSDpT,2020,"Z. Zhang, K. J. Arnold, S. R. Chanu, R. Kaewuam, M. S. Safronova, M. D. Barrett, Phys. Rev. A 101 (2020) 062515.",https://doi.org/10.1103/PhysRevA.101.062515,
88,Ra+,7P1/2,,8.57,0.1,CCSD(T),2009,"B. K. Sahoo, L. W. Wansbeek, K. Jungmann, and R. G. E. Timmermans, Phys. Rev. A. 79, 052512 (2009)",https://doi.org/10.1103/PhysRevA.79.052512,
88,Ra+,7P3/2,,4.67,0.09,CCSD(T),2009,"B. K. Sahoo, L. W. Wansbeek, K. Jungmann, and R. G. E. Timmermans, Phys. Rev. A. 79, 052512 (2009)",https://doi.org/10.1103/PhysRevA.79.052512,
56,Ba+,5d_5/2,,34500000000,3.50E+09,Expt,1990,"A.A. Madej and J.D. Sankey, Phys. Rev. A 41, 2621 (1990).",,
56,Ba+,5d_3/2,,83700000000,,CCSD?,1991,"C. Guet and W.R. Johnson, Phys. Rev. A 44, 1531 (1991)",,
56,Ba+,5d_5/2,,37200000000,,CCSD?,1991,"C. Guet and W.R. Johnson, Phys. Rev. A 44, 1531 (1991)",,
56,Ba+,6p_1/2,,7.99,,CCSD,1991,"C. Guet and W.R. Johnson, Phys. Rev. A 44, 1531 (1991)",,
56,Ba+,6p_3/2,,6.39,,CCSD?,1991,"C. Guet and W.R. Johnson, Phys. Rev. A 44, 1531 (1991)",,
55,Cs,5d_3/2,,909,15,Expt,1998,"D. DiBerardino et al., Phys. Rev. A 57, 4204 (1998).",,
55,Cs,5d_5/2,,1281,9,Expt,,"D. DiBerardino et al., Phys. Rev. A 57, 4204 (1998).",,
55,Cs,6p_1/2,,34.8,0.07,Expt+Theory,2002,"Derevianko and Porsev, Phys. Rev. A 65, 053403 (2002)",https://journals.aps.org/pra/abstract/10.1103/PhysRevA.65.053403,
55,Cs,6p_3/2,,30.39,0.06,Expt+Theory,2002,"Derevianko and Porsev, Phys. Rev. A 65, 053403 (2002)",https://journals.aps.org/pra/abstract/10.1103/PhysRevA.65.053403,
56,Ba+,6p_1/2,,7.9,0.1,Expt,1995,"E.H. Pinnington, R.W. Berends, and M. Lumsden, J. Phys. B 28, 2095 (1995)",,
56,Ba+,6p_3/2,,6.32,0.1,Expt,1995,"E.H. Pinnington, R.W. Berends, and M. Lumsden, J. Phys. B 28, 2095 (1995)",,
56,Ba+,5d_3/2,,79800000000,4.60E+09,Expt,1997,"N. Yu, W. Nagourney, and H. Dehmelt, Phys. Rev. Lett. 78, 4898 (1997)",,
55,Cs,6p_3/2,,30.462,0.046,Expt,2015,"B. M. Patterson, J. F. Sell, T. Ehrenreich, M. A. Gearba, G. M. Brooke, J. Scoville, and R. J. Knize, Phys. Rev. A 91, 012506 (2015)",https://journals.aps.org/pra/abstract/10.1103/PhysRevA.91.012506,
55,Cs,5d_5/2,,1353,5,Expt,2020,"S. Pucher, P. Schneeweiss, A. Rauschenbeutel, and A. Dareau, Phys. Rev. A 101, 042510 (2020)",https://journals.aps.org/pra/abstract/10.1103/PhysRevA.101.042510,
55,Cs,5d_3/2,,981,,CCSDpT,2004,"Safronova, Clark, Phys. Rev. A 69, 040501 (2004)",https://journals.aps.org/pra/abstract/10.1103/PhysRevA.69.040501,
55,Cs,5d_5/2,,1369,,CCSDpT,2004,"Safronova, Clark, Phys. Rev. A 69, 040501 (2004)",https://journals.aps.org/pra/abstract/10.1103/PhysRevA.69.040501,
55,Cs,7p_1/2,,165.21,0.19,Expt,2019,"George Toh, Nathan Chalus, Andrew Burgess, Amy Damitz, Poolad Imany, Daniel E. Leaird, Andrew M. Weiner, Carol E. Tanner, and D. S. Elliott, PhysRevA.100.052507",https://journals.aps.org/pra/abstract/10.1103/PhysRevA.100.052507,
55,Cs,7p_3/2,,137.54,0.16,Expt,2019,"George Toh, Nathan Chalus, Andrew Burgess, Amy Damitz, Poolad Imany, Daniel E. Leaird, Andrew M. Weiner, Carol E. Tanner, and D. S. Elliott, PhysRevA.100.052507",https://journals.aps.org/pra/abstract/10.1103/PhysRevA.100.052507,
55,Cs,7s,,48.28,0.07,Expt,2018,"George Toh, Jose A. Jaramillo-Villegas, Nathan Glotzbach, Jonah Quirk, Ian C. Stevenson, J. Choi, Andrew M. Weiner, and D. S. Elliott, PhysRevA.97.052507",https://journals.aps.org/pra/abstract/10.1103/PhysRevA.97.052507,
56,Ba+,5d_3/2,,81500000000,,PTSCI,2001,"V. A. Dzuba, V. V. Flambaum, and J. S. M. Ginges, Phys. Rev. A 63, 062101 (2001).",https://doi.org/10.1103/PhysRevA.63.062101,
56,Ba+,5d_5/2,,30300000000,,PTSCI,2001,"V. A. Dzuba, V. V. Flambaum, and J. S. M. Ginges, Phys. Rev. A 63, 062101 (2001).",https://doi.org/10.1103/PhysRevA.63.062101,
56,Ba+,6p_1/2,,7.89,,PTSCI,2001,"V. A. Dzuba, V. V. Flambaum, and J. S. M. Ginges, Phys. Rev. A 63, 062101 (2001).",https://doi.org/10.1103/PhysRevA.63.062101,
56,Ba+,6p_3/2,,6.3,,PTSCI,2001,"V. A. Dzuba, V. V. Flambaum, and J. S. M. Ginges, Phys. Rev. A 63, 062101 (2001).",https://doi.org/10.1103/PhysRevA.63.062101,
70,Yb+,6p-,,6.89,0,RMBPTa,2009,"U. I. Safronova and M. S. Safronova, Phys. Rev. A 79, 022512 (2009)",http://dx.doi.org/10.1103/PhysRevA.79.022512,
70,Yb+,6p-,,6.64,0,RMBPTb,2009,"U. I. Safronova and M. S. Safronova, Phys. Rev. A 79, 022512 (2009)",http://dx.doi.org/10.1103/PhysRevA.79.022512,
70,Yb+,6p+,,4.90,0,RMBPTa,2009,"U. I. Safronova and M. S. Safronova, Phys. Rev. A 79, 022512 (2009)",http://dx.doi.org/10.1103/PhysRevA.79.022512,
70,Yb+,6p+,,4.69,0,RMBPTb,2009,"U. I. Safronova and M. S. Safronova, Phys. Rev. A 79, 022512 (2009)",http://dx.doi.org/10.1103/PhysRevA.79.022512,
70,Yb+,6p-,,8.0,0.2,Expt,1993,"R. M. Lowe, P. Hannaford, and A.-M. Martensson-Pendrill, Z. Phys. D 28, 283 (1993)",
70,Yb+,6p+,,6.3,0.3,Expt,1993,"R. M. Lowe, P. Hannaford, and A.-M. Martensson-Pendrill, Z. Phys. D 28, 283 (1993)",
70,Yb+,6p-,,8.10,0.13,Expt,1993,"R. W. Berends, E. H. Pinnington, B. Guo, and Q. Ji, J. Phys. B 26, L701 (1993)",